timestamp,email,respondent_type,age_group,gender,education_level,overall_effectiveness,concept_understanding,academic_performance,teacher_student_interaction,engagement_online,engagement_offline,challenge_online,challenge_offline,discipline_mode,continue_online,future_preference,suggestions
2026-07-30 22:17:15.084,abhijha7070@gmail.com,Student,18–25,Male,Undergraduate,Both are equally effective,Both Equally,Both Equally,Offline,4,3,Internet issues,Travelling,Offline,Yes,Hybrid (Online + Offline),Office class should be use more digital equipment like smart board. which can help student of to be visualize the concept
2026-08-01 10:59:39.497,kunalkhadke21@gmail.com,Student,18–25,Male,Undergraduate,Online Classes,Online,Online,Online,2,4,Technical problems,Fixed schedule,Online,Yes,Fully Online,No
2026-08-01 11:03:19.920,shreyashmhatre73503@gmail.com,Student,18–25,Male,Undergraduate,Offline Classes,Offline,Offline,Offline,3,1,Lack of concentration,Time management,Offline,No,Fully Offline,Offline is best
2026-08-01 11:03:39.963,daphalrushikesh71@gmail.com,Student,18–25,Male,Undergraduate,Offline Classes,Offline,Offline,Offline,2,4,Home distractions,Time management,Online,Maybe,Hybrid (Online + Offline),No suggestions.
2026-08-01 11:03:54.386,shirkeanant18@gmail.com,Student,18–25,Male,Undergraduate,Offline Classes,Both Equally,Both Equally,Offline,2,1,Lack of concentration,Time management,Offline,Yes,Hybrid (Online + Offline),No suggestion provided
2026-08-01 11:04:46.741,shreyashmhatre73503@gmail.com,Parent,41–55,Female,School,Offline Classes,Offline,Offline,Offline,2,1,Lack of concentration,Time management,Offline,Yes,Fully Offline,Nothing
2026-08-01 11:05:15.196,dhanrajraul93@gmail.com,Student,18–25,Male,Undergraduate,Both are equally effective,Offline,Offline,Offline,2,3,Technical problems,Travelling,Offline,No,Fully Offline,Offlline is everything 
2026-08-01 11:05:16.501,sahildarekar59@gmail.com,Student,18–25,Male,Undergraduate,Offline Classes,Offline,Offline,Offline,5,1,Lack of concentration,No Major Challenge,Offline,No,Fully Offline,Offline Is Good 
2026-08-01 11:06:10.565,jadhavparth70@gmail.com,Student,18–25,Male,Undergraduate,Offline Classes,Online,Both Equally,Offline,5,1,Lack of concentration,Fixed schedule,Both Equally,Maybe,Hybrid (Online + Offline),No
2026-08-01 11:06:12.568,sanketshenavi6409@gmail.com,Student,18–25,Male,Undergraduate,Offline Classes,Offline,Both Equally,Offline,5,1,Lack of concentration,Fixed schedule,Both Equally,Yes,Fully Offline,No
2026-08-01 11:07:44.475,vchoudhari587@gmail.com,Student,18–25,Male,Undergraduate,Both are equally effective,Online,Both Equally,Both Equally,4,2,Internet issues,Time management,Offline,Yes,Hybrid (Online + Offline),"To improve offline learning, physical classrooms should shift from passive lectures toward interactive, hands-on activities, peer discussions, and collaborative problem-solving that build deeper engagement and critical thinking."
2026-08-01 16:36:53.347,sujaljadhav0317@gmail.com,Student,18–25,Male,Undergraduate,Both are equally effective,Both Equally,Both Equally,Offline,4,4,Internet issues,Time management,Both Equally,Maybe,Hybrid (Online + Offline),For online you can improve lack of internet connection and offline lack of communication and understanding concept 
2026-08-05 06:25:51.046,nitinkharje6@gmail.com,Student,18–25,Male,Undergraduate,Offline Classes,Both Equally,Both Equally,Both Equally,3,1,Lack of concentration,Travelling,Offline,Maybe,Hybrid (Online + Offline),"Online is the best technology learning, but ofline this give a knowledge....  So much suggestions is improving ofline learning because...... 
knowledge > technology "
2026-08-05 14:04:57.111,kolijayesh370@gmail.com,Student,18–25,Male,School,Offline Classes,Online,Offline,Offline,3,2,Lack of concentration,Travelling,Both Equally,Yes,Hybrid (Online + Offline),Good job
2026-08-08 21:29:17.373,ravindramandve961@gmail.com,Student,18–25,Male,Undergraduate,Online Classes,Offline,Online,Online,3,4,Technical problems,Fixed schedule,Offline,Yes,Fully Offline,Problem solving
2026-08-10 20:58:23.628,rushikeshgaikwad1904@gmail.com,Student,18–25,Male,Undergraduate,Both are equally effective,Both Equally,Both Equally,Both Equally,5,3,Internet issues,Travelling,Both Equally,Maybe,Fully Offline,Na
2026-08-10 20:59:13.141,rushikeshgaikwad1904@gmail.com,Parent,Above 55,Male,Postgraduate,Offline Classes,Offline,Offline,Both Equally,5,3,Technical problems,Time management,Offline,Maybe,Hybrid (Online + Offline),Good work 👏🏻
2026-08-10 21:09:46.730,sohambade007@gmail.com,Student,18–25,Male,Undergraduate,Both are equally effective,Both Equally,Online,Offline,3,2,Lack of concentration,Classroom distractions,Offline,Yes,Hybrid (Online + Offline),"depends on teacher who is teaching, students can experience both good and bad teaching in both methods. so teacher should prepare before class make lesson more interesting so that interest leads concentration on topic and fun makes it more memorable."
2026-08-10 21:20:57.866,vaishalibade15@gmail.com,Parent,41–55,Female,School,Both are equally effective,Both Equally,Both Equally,Offline,3,3,Technical problems,Fixed schedule,Offline,Yes,Hybrid (Online + Offline),"No suggestion 
"
2026-08-10 23:37:21.464,sandeepchaurasiya221105@gmail.com,Student,18–25,Male,Undergraduate,Both are equally effective,Online,Both Equally,Offline,3,3,Technical problems,Travelling,Offline,Maybe,Hybrid (Online + Offline),Keep a good teacher for teaching 
2026-08-11 11:06:55.737,bhagattanmay483@gmail.com,Student,18–25,Male,Undergraduate,Offline Classes,Offline,Offline,Offline,3,3,Lack of concentration,Classroom distractions,Online,Yes,Fully Online,Yes
2026-08-12 15:54:43.205,parasdadakoli@gmail.com,Student,18–25,Male,Postgraduate,Both are equally effective,Both Equally,Both Equally,Both Equally,5,5,Technical problems,Time management,Both Equally,Maybe,Hybrid (Online + Offline),Na
2026-08-12 15:56:34.027,manavkoli8855@gmail.com,Student,18–25,Male,Undergraduate,Offline Classes,Offline,Both Equally,Offline,3,1,Home distractions,Travelling,Offline,Yes,Hybrid (Online + Offline),Should should pay attention during online class
2026-08-12 15:58:15.016,sanchitakoli169@gmail.com,Student,18–25,Female,Undergraduate,Offline Classes,Offline,Offline,Offline,1,5,Home distractions,Classroom distractions,Offline,No,Fully Offline,No
2026-08-12 16:17:36.801,kolibhavik1158@gmail.com,Student,18–25,Male,Undergraduate,Both are equally effective,Online,Offline,Offline,3,1,Internet issues,Travelling,Offline,Yes,Hybrid (Online + Offline),"Good, jayesh bhai is king"
2026-08-12 16:39:40.808,kolinikitesh@gmail.com,Student,18–25,Male,Undergraduate,Online Classes,Both Equally,Both Equally,Both Equally,3,4,Internet issues,Travelling,Online,Yes,Hybrid (Online + Offline),Online are good for time management 
2026-08-12 21:01:47.367,salonijadi@gmail.com,Student,18–25,Female,Undergraduate,Both are equally effective,Offline,Offline,Offline,3,1,Lack of concentration,Fixed schedule,Offline,Yes,Hybrid (Online + Offline),In online learning videos should be on
2026-08-12 21:50:04.152,gavaleprathamesh1@gmail.com,Student,18–25,Male,Undergraduate,Both are equally effective,Both Equally,Both Equally,Both Equally,4,4,Technical problems,Classroom distractions,Offline,Maybe,Hybrid (Online + Offline),"You can write:

Make online classes more interactive and provide recorded lectures. Improve offline learning with more practical activities and student-teacher interaction."
2026-08-17 19:11:26.591,kunalkhadke21@gmail.com,Student,18–25,Male,Postgraduate,Online Classes,Online,Offline,Offline,3,5,Technical problems,Travelling,Offline,Maybe,Hybrid (Online + Offline),No
2026-08-17 20:06:51.273,asawariawari12@gmail.com,Student,18–25,Female,School,Online Classes,Online,Online,Online,2,2,Internet issues,Travelling,Online,Yes,Fully Online,Nothing
2026-08-17 21:58:54.997,shraddhahajare252@gmail.com,Student,18–25,Female,Undergraduate,Offline Classes,Offline,Offline,Offline,3,1,Internet issues,Travelling,Offline,Maybe,Hybrid (Online + Offline),"Learn concepts online at your own pace, then master them offline through hands-on practice.
"
2026-08-17 22:26:14.882,dikshagirnare6@gmail.com,Student,18–25,Female,Undergraduate,Both are equally effective,Both Equally,Offline,Offline,3,3,Lack of concentration,Travelling,Both Equally,Maybe,Hybrid (Online + Offline),Both are good it depends on the student how he want's to be interactive in class 
2026-08-17 22:56:23.991,salunkhe.sangram.it081@gmail.com,Student,18–25,Male,Undergraduate,Offline Classes,Offline,Offline,Offline,3,4,Lack of concentration,Time management,Offline,Yes,Hybrid (Online + Offline),Teaching Effectiveness matters most.
2026-08-17 23:00:07.638,sarthakwaghmode281@gmail.com,Student,Below 18,Male,Undergraduate,Offline Classes,Offline,Offline,Offline,1,5,Home distractions,Time management,Offline,Maybe,Fully Offline,Ofline classes 
2026-08-17 23:06:13.194,harshadkharje@asmedu.org,Student,18–25,Male,Undergraduate,Both are equally effective,Offline,Offline,Offline,2,1,Lack of concentration,Time management,Offline,Maybe,Hybrid (Online + Offline),"Suggestions for Online LearningOnline learning shines in flexibility but can suffer from low engagement and screen fatigue.Add Interactive Tools: Use live polls, quick quizzes, and digital breakout rooms to keep students awake and participating.Bring in Gamification: Award digital points, badges, or leaderboards for completing tasks to make progress fun.Enforce Screen Breaks: Encourage the ""20-20-20 rule"" (every 20 minutes, look at something 20 feet away for 20 seconds) to reduce eye strain.Mix Live and Recorded Content: Provide short, recorded videos for core facts, and save live video sessions for interactive Q&A and debates.Build Virtual Communities: Set up active text channels or forums where students can share interesting links, study tips, or casual banter.🏫 Suggestions for Offline LearningOffline learning excels at social development and hands-on skills, but can sometimes feel rigid or unequal.Flip the Classroom: Ask students to read basic texts or watch a video at home before class. Use valuable classroom time for hands-on experiments and deep discussions.Promote Collaborative Learning: Structure lessons around small group projects. This naturally teaches students how to negotiate, share tasks, and resolve conflicts.Create Equal Feedback Loops: Use anonymous physical drop-boxes or digital check-ins so quiet or hesitant students can ask questions without fear.Vary the Physical Space: Rearrange desks from rigid rows into circles or clusters to encourage conversation. Move classes outside occasionally to boost energy.Focus on Emotional Growth: Dedicate time to empathy, communication, and peer mentoring. These human skills cannot be easily mirrored by computer screens."
2026-08-17 23:09:50.835,mayureshlandge3@gmail.com,Student,18–25,Male,Undergraduate,Offline Classes,Offline,Offline,Offline,4,5,Internet issues,Travelling,Offline,No,Hybrid (Online + Offline),Offline is best for study and full attraction on study and online student not doing seriously study
2026-08-17 23:10:22.730,poojahande58@gmail.com,Student,18–25,Female,Undergraduate,Offline Classes,Offline,Offline,Offline,4,2,Lack of concentration,Travelling,Offline,Yes,Fully Offline,Offline classes is better than online class 
2026-08-17 23:13:51.954,chavanvedant2121@gmail.com,Student,18–25,Male,Undergraduate,Both are equally effective,Both Equally,Offline,Offline,3,2,Internet issues,Travelling,Offline,Maybe,Hybrid (Online + Offline),Separate doubght class after lecture 
2026-08-17 23:38:51.434,jayghorpade22@gmail.com,Student,18–25,Male,Undergraduate,Online Classes,Online,Online,Online,4,3,Internet issues,Fixed schedule,Offline,Yes,Hybrid (Online + Offline),"To improve online and offline learning, mix digital tools with real-world human connection. Key steps include using active tasks, setting clear routines, making safe spaces, and checking progress often"
2026-08-17 23:50:59.946,sprbngr@gmail.com,Student,18–25,Female,Undergraduate,Both are equally effective,Offline,Offline,Offline,1,4,Internet issues,Travelling,Offline,Maybe,Hybrid (Online + Offline),Online classes sev a travel time and offline classes gives persanal contact.
2026-08-17 23:57:57.324,dombaleprashant28@gmail.com,Student,18–25,Male,Undergraduate,Online Classes,Online,Online,Online,1,5,Home distractions,Fixed schedule,Online,No,Fully Online,Huvi
2026-08-18 06:59:57.578,poojahande920@gmail.com,Student,18–25,Female,Undergraduate,Offline Classes,Offline,Offline,Offline,2,3,Technical problems,Time management,Offline,Yes,Fully Offline,Yes
2026-08-18 07:03:56.713,godasepriti7@gmail.com,Student,18–25,Female,Undergraduate,Both are equally effective,Offline,Both Equally,Offline,4,3,Home distractions,Time management,Offline,Maybe,Hybrid (Online + Offline),"Better teaching methods, interactive classes, good study materials, and regular feedback can improve both online and offline learning."
2026-08-18 08:01:27.669,utkarshakhatal@gmail.com,Student,18–25,Female,Undergraduate,Offline Classes,Online,Both Equally,Offline,3,2,Internet issues,Travelling,Offline,Yes,Hybrid (Online + Offline),-
2026-08-18 08:35:48.706,kshitijkadam9146@gmail.com,Student,18–25,Male,Undergraduate,Online Classes,Online,Online,Online,1,1,Technical problems,Time management,Online,No,Fully Online,Best 
2026-08-18 11:21:51.166,piyushb6083@gmail.com,Student,18–25,Male,Undergraduate,Offline Classes,Offline,Both Equally,Offline,2,3,Lack of concentration,Fixed schedule,Online,Yes,Hybrid (Online + Offline),No
2026-08-18 13:37:01.027,ghutukaderushikesh930@gmail.com,Student,18–25,Male,Undergraduate,Both are equally effective,Both Equally,Both Equally,Offline,4,1,Lack of concentration,Time management,Offline,Yes,Hybrid (Online + Offline),For online use active learning and for offline ask questions whenever concept is unclear.
2026-08-18 14:45:44.526,alokmali180@gmail.com,Student,18–25,Male,Undergraduate,Offline Classes,Online,Online,Offline,3,3,Technical problems,Classroom distractions,Offline,Yes,Fully Online,Have some ai classes 
2026-08-18 14:55:10.060,rameshchormale74@gmail.com,Student,18–25,Male,Undergraduate,Offline Classes,Offline,Offline,Offline,1,1,Internet issues,Travelling,Offline,Maybe,Hybrid (Online + Offline),Offline techer and students study concentration and teacher student study interaction 
2026-08-18 18:49:28.295,aayushmule2007@gmail.com,Student,18–25,Male,Undergraduate,Both are equally effective,Offline,Offline,Offline,3,3,Internet issues,Travelling,Offline,Yes,Hybrid (Online + Offline),"To improve both online and offline learning, mix digital tools with hands-on human connection"
2026-08-18 20:34:51.652,dhirajkharaje@gmail.com,Student,18–25,Male,Undergraduate,Offline Classes,Offline,Both Equally,Both Equally,2,2,Home distractions,Time management,Offline,Yes,Hybrid (Online + Offline),No any suggestions 
2026-08-18 21:42:15.130,mahamuniabhi02@gmail.com,Student,18–25,Male,Undergraduate,Offline Classes,Offline,Both Equally,Offline,3,5,Home distractions,Travelling,Offline,Maybe,Hybrid (Online + Offline),mix digital tools with face-to-face support
2026-08-18 22:58:48.734,sunitalahot2974@gmail.com,Parent,41–55,Female,School,Offline Classes,Both Equally,Both Equally,Offline,2,4,Home distractions,Time management,Offline,Maybe,Fully Offline,Improve in education system so that student 
2026-08-19 08:41:03.969,tushardhembare8559@gmail.com,Student,26–40,Male,Postgraduate,Online Classes,Online,Online,Online,4,2,Internet issues,Travelling,Online,Yes,Hybrid (Online + Offline),No
2026-08-19 10:21:03.622,saielgaikwad2005@gmail.com,Student,18–25,Male,Undergraduate,Both are equally effective,Both Equally,Both Equally,Offline,2,5,Home distractions,Fixed schedule,Offline,Yes,Fully Online,No suggestion provided
2026-08-20 18:09:55.555,bhagattanmay483@gmail.com,Student,18–25,Male,Undergraduate,Offline Classes,Offline,Offline,Offline,3,3,Lack of concentration,Travelling,Offline,No,Fully Offline,Nothing 
2026-08-20 22:33:51.486,sanketshenavi6409@gmail.com,Student,18–25,Male,Undergraduate,Offline Classes,Offline,Both Equally,Offline,2,1,Internet issues,Travelling,Offline,Yes,Hybrid (Online + Offline),"Improve online and offline learning, mix digital tools with hands-on group tasks, clear daily goals, and regular feedback. This keeps students focused, helps them remember information better, and builds strong social skills."
2026-08-21 19:45:15.972,ameyk824@gmail.com,Student,18–25,Male,Undergraduate,Online Classes,Online,Online,Online,3,3,Lack of concentration,Travelling,Online,No,Hybrid (Online + Offline),No
2026-09-10 11:03:09.186,aniketdushing4@gmail.com,Student,18–25,Male,Undergraduate,Online Classes,Online,Online,Online,5,1,Technical problems,Time management,Online,Yes,Fully Online,No
2026-09-10 11:04:05.144,madhavimahir7@gmail.com,Student,18–25,Male,Undergraduate,Online Classes,Online,Online,Both Equally,5,1,Lack of concentration,Time management,Online,Yes,Fully Online,No man a
2026-09-10 11:05:20.625,harshalbondar@gmail.com,Student,18–25,Male,Undergraduate,Offline Classes,Offline,Offline,Offline,5,5,Lack of concentration,Classroom distractions,Offline,Maybe,Fully Offline,Offline 
2026-09-10 11:06:18.307,alankarhudar92@gmail.com,Student,Below 18,Male,Undergraduate,Both are equally effective,Both Equally,Both Equally,Both Equally,1,1,Internet issues,Travelling,Both Equally,Maybe,Hybrid (Online + Offline),No
2026-09-10 11:08:35.950,panchaltanmayee04@gmail.com,Student,Below 18,Female,Undergraduate,Both are equally effective,Both Equally,Offline,Offline,2,4,Internet issues,Classroom distractions,Offline,Yes,Hybrid (Online + Offline),Traveling 
2026-09-10 12:01:35.653,pravritidubey08@gmail.com,Student,Below 18,Female,Undergraduate,Offline Classes,Offline,Offline,Offline,3,1,Lack of concentration,Travelling,Offline,Maybe,Fully Offline,Offline classes are better 
2026-09-10 12:04:16.006,morearpita61@gmail.com,Student,18–25,Female,Undergraduate,Offline Classes,Offline,Offline,Offline,3,4,Technical problems,Classroom distractions,Offline,Yes,Hybrid (Online + Offline),"Combined Active student, participation with clear,and structured routines"
2026-09-10 12:05:18.758,siddhi8897@gmail.com,Student,18–25,Female,Undergraduate,Both are equally effective,Both Equally,Offline,Offline,3,5,Home distractions,Time management,Offline,Maybe,Hybrid (Online + Offline),I will prefer online classes when there will be bad wheather Or travelling issue or anything unless pffline is better. 
2026-09-10 12:07:45.378,vedant.r.s.pardeshi2008@gmail.com,Student,Below 18,Male,Undergraduate,Both are equally effective,Offline,Both Equally,Offline,3,4,Lack of concentration,Travelling,Offline,Yes,Hybrid (Online + Offline),Please all students in equal and if weak student give him or her more help in study's 
2026-09-10 13:18:35.670,ahirchaitanya7@gmail.com,Student,18–25,Female,Undergraduate,Offline Classes,Offline,Offline,Offline,3,1,Home distractions,Classroom distractions,Offline,Maybe,Hybrid (Online + Offline),"Combine virtual and physical tools by blending interactive digital platforms with tactile, hands-on classroom activities to keep lessons engaging."
2026-09-10 14:37:43.723,aaradhayjadhav600@gmail.com,Student,18–25,Male,Undergraduate,Offline Classes,Offline,Offline,Offline,3,3,Lack of concentration,Travelling,Offline,Yes,Fully Offline,Students consept clear 
2026-09-10 15:01:05.369,ys7117916@gmail.com,Student,18–25,Male,Undergraduate,Both are equally effective,Offline,Offline,Offline,4,3,Home distractions,Fixed schedule,Both Equally,Maybe,Hybrid (Online + Offline),"Offline classes should me in morning because most of the students feel productive and second offline classes should be of less time like average 45 mins
Online classes should be fun rather than screen sharing or explanation 
It should involve games, and less students "
2026-09-10 15:48:18.616,adityakeni12@gmail.com,Student,18–25,Male,School,Offline Classes,Offline,Offline,Offline,3,1,Internet issues,Travelling,Offline,Yes,Hybrid (Online + Offline),Offline is the best suggestion for me because it gives face to face interaction and students will be performing very good in offline mode 
2026-09-10 17:35:45.010,dhanashreechoudhari98@gmail.com,Student,18–25,Female,Undergraduate,Offline Classes,Offline,Offline,Offline,5,1,Internet issues,Time management,Offline,Maybe,Hybrid (Online + Offline),"Improving online and offline learning requires distinct strategies tailored to the unique environments of each format. While online learning thrives on flexibility, accessibility, and interactive digital tools, offline learning relies on structured routines, hands-on experiences, and direct human interaction. "
2026-09-10 17:42:21.034,dhanashreechoudhari98@gmail.com,Student,18–25,Female,Undergraduate,Offline Classes,Offline,Offline,Offline,5,1,Multiple Challenges,Time management,Offline,Maybe,Hybrid (Online + Offline),"Improving online and offline learning requires distinct strategies tailored to the unique environments of each format. While online learning thrives on flexibility, accessibility, and interactive digital tools, offline learning relies on structured routines, hands-on experiences, and direct human interaction. The most effective modern approach focuses on bridging these two environments through a hybrid learning model, optimizing the strengths of both formats"
2026-09-10 18:10:56.061,sugandhasudhirmali672@gmail.com,Student,Below 18,Female,Undergraduate,Offline Classes,Offline,Offline,Offline,5,1,Technical problems,Time management,Offline,No,Fully Offline,Every material which is important for study is now only available online i think we  have to prioritise offline study material more
2026-09-11 06:36:19.670,aarjungholap@gmail.com,Student,18–25,Male,Undergraduate,Offline Classes,Offline,Offline,Offline,3,2,Internet issues,Classroom distractions,Offline,Maybe,Hybrid (Online + Offline),For online class try to sit ina closed room to avoid distractions and in offline class pay attention on the concept and understand it
2026-09-11 14:15:58.461,kanishkakoli885@gmail.com,Student,18–25,Female,Undergraduate,Both are equally effective,Both Equally,Offline,Offline,3,3,Technical problems,Time management,Offline,Yes,Hybrid (Online + Offline),"For online - their should be a way for students to get hard copy notes as many times its not possible to always stay online ( active in mobile).
For offline - Their should be changes in schedules and have activities related to the studies."
2026-09-30 11:21:41.003,tabhilasha444@gmail.com,Student,18–25,Female,Undergraduate,Both are equally effective,Offline,Online,Offline,4,4,Lack of concentration,Fixed schedule,Offline,No,Fully Offline,no
2026-09-30 11:24:51.242,sanjivaniathavale85@gmail.com,Student,Below 18,Male,School,Online Classes,Offline,Online,Both Equally,4,3,Technical problems,Time management,Both Equally,No,Hybrid (Online + Offline),no
2026-09-30 11:25:51.487,deepakghule333@gmail.com,Student,18–25,Male,Undergraduate,Offline Classes,Offline,Both Equally,Both Equally,1,3,Internet issues,Time management,Both Equally,Yes,Fully Offline,no
2026-09-30 11:35:25.807,Mrunalathavale1@gmail.com,Student,18–25,Female,Undergraduate,Offline Classes,Offline,Both Equally,Both Equally,5,2,Internet issues,Time management,Offline,Maybe,Fully Offline,no
2026-09-30 11:36:28.482,vainavipagnis8@gmail.com,Student,18–25,Female,Undergraduate,Offline Classes,Online,Offline,Offline,5,4,Home distractions,Fixed schedule,Online,Maybe,Fully Offline,no
2026-09-30 11:37:27.600,adityaraulo06@gmail.com,Student,18–25,Male,Undergraduate,Online Classes,Both Equally,Online,Offline,4,3,Home distractions,Travelling,Offline,Yes,Fully Online,no
2026-09-30 11:38:27.584,bhamberednyaneshwar1@gmail.commbere,Student,18–25,Male,Undergraduate,Online Classes,Offline,Online,Offline,4,4,Lack of concentration,Time management,Both Equally,Maybe,Fully Online,no
2026-09-30 11:45:36.418,Vedumore07@gmail.com,Student,18–25,Male,Undergraduate,Online Classes,Offline,Online,Online,4,5,Internet issues,Travelling,Offline,Yes,Fully Online,no
2026-09-30 11:46:35.236,niteshverma8452@gmail.com,Student,18–25,Male,Undergraduate,Offline Classes,Offline,Online,Offline,1,5,Technical problems,Time management,Offline,Maybe,Fully Online,no
2026-09-30 12:00:23.436,ashuuupatil45@gmail.com,Student,18–25,Male,Undergraduate,Offline Classes,Online,Online,Both Equally,4,5,Lack of concentration,Fixed schedule,Offline,No,Fully Online,no
2026-09-30 12:01:28.569,gopanepradip@gmail.com,Student,18–25,Male,Undergraduate,Offline Classes,Offline,Online,Offline,5,4,Home distractions,Classroom distractions,Both Equally,Maybe,Fully Online,no
2026-09-30 12:02:22.907,bhoiradip896@gmail.com,Student,Below 18,Male,School,Online Classes,Offline,Offline,Offline,1,1,Lack of concentration,Travelling,Offline,Yes,Fully Offline,no
2026-09-30 12:09:57.299,adityakadam35554@gmail.com,Student,18–25,Male,Undergraduate,Online Classes,Both Equally,Offline,Offline,2,4,Home distractions,Time management,Offline,Maybe,Hybrid (Online + Offline),no
2026-09-30 12:10:57.417,prashantjavir956@gmail.com,Student,18–25,Male,Undergraduate,Online Classes,Offline,Online,Offline,5,3,Internet issues,Classroom distractions,Both Equally,No,Fully Online,no
2026-09-30 12:11:55.630,aditirajendrashende@gmail.com,Student,18–25,Female,Undergraduate,Online Classes,Online,Online,Both Equally,2,2,Lack of concentration,Classroom distractions,Online,Yes,Hybrid (Online + Offline),no
2026-09-30 12:12:57.265,amolkharje9@gmail.com,Student,18–25,Male,Undergraduate,Offline Classes,Offline,Offline,Offline,5,3,Home distractions,Classroom distractions,Online,Maybe,Fully Online,no
2026-09-30 12:16:44.311,pukalemrudula@gmail.com,Student,18–25,Female,Undergraduate,Both are equally effective,Both Equally,Online,Online,5,4,Internet issues,Travelling,Offline,Maybe,Fully Offline,no
2026-09-30 12:17:48.996,dhawaletejaswi252@gmail.com,Student,18–25,Female,Undergraduate,Offline Classes,Both Equally,Online,Online,3,4,Internet issues,Time management,Both Equally,No,Hybrid (Online + Offline),no
2026-09-30 12:18:51.019,rajgaikwad1019@gmail.com,Student,18–25,Male,Undergraduate,Online Classes,Offline,Both Equally,Online,4,5,Technical problems,Time management,Online,Yes,Fully Offline,no
2026-09-30 12:19:52.870,bhagyashrigadge721@gmail.com,Student,18–25,Female,Undergraduate,Both are equally effective,Offline,Offline,Both Equally,1,4,Lack of concentration,Travelling,Online,Maybe,Hybrid (Online + Offline),no
2026-09-30 12:23:55.735,Jadhavsammy7173@gmail.com,Student,18–25,Male,Undergraduate,Offline Classes,Online,Both Equally,Offline,2,4,Internet issues,Classroom distractions,Both Equally,No,Fully Online,no
2026-09-30 12:24:56.166,gaikwadkushal0407@gmail.com,Student,Below 18,Male,School,Both are equally effective,Both Equally,Online,Online,5,4,Internet issues,Fixed schedule,Offline,No,Fully Online,no
2026-09-30 12:38:45.199,vedujaadhav01@gmail.com,Student,18–25,Male,Undergraduate,Online Classes,Online,Offline,Offline,5,5,Lack of concentration,Classroom distractions,Offline,Yes,Hybrid (Online + Offline),no
2026-09-30 12:39:46.610,chaitanyagardi.ve@gmail.com,Student,Below 18,Male,School,Online Classes,Both Equally,Online,Offline,1,4,Lack of concentration,Travelling,Offline,No,Fully Offline,no
2026-09-30 12:40:48.349,yashkadam1984@gmail.com,Student,Below 18,Male,School,Offline Classes,Offline,Offline,Both Equally,3,4,Lack of concentration,Travelling,Offline,Yes,Hybrid (Online + Offline),no
2026-09-30 12:45:10.042,Samruddhisakhare003@gmail.com,Student,18–25,Female,Undergraduate,Both are equally effective,Offline,Offline,Offline,1,5,Technical problems,Fixed schedule,Both Equally,Yes,Fully Offline,no
2026-09-30 12:54:25.200,sohailansari200966@gmail.com,Student,Below 18,Male,School,Offline Classes,Offline,Online,Both Equally,1,4,Lack of concentration,Classroom distractions,Online,Yes,Hybrid (Online + Offline),no
2026-09-30 13:08:40.503,Prempatil4884@gmail.com,Student,18–25,Male,Undergraduate,Offline Classes,Offline,Offline,Offline,4,4,Lack of concentration,Classroom distractions,Both Equally,Yes,Fully Online,no
2026-09-30 13:09:40.900,premodin10@gmail.com,Student,18–25,Male,Undergraduate,Online Classes,Offline,Offline,Offline,2,5,Internet issues,Classroom distractions,Offline,Yes,Fully Online,no
2026-09-30 13:17:52.505,siddhantjoshi7070@gmail.com,Student,Below 18,Male,School,Offline Classes,Offline,Online,Online,1,4,Home distractions,Time management,Online,Maybe,Fully Online,no
2026-09-30 13:18:52.418,anuragjb2@gmail.com,Student,18–25,Male,Undergraduate,Both are equally effective,Both Equally,Online,Offline,1,4,Technical problems,Travelling,Online,Maybe,Fully Offline,no
2026-09-30 13:26:02.363,adityadj1910@gmail.com,Student,18–25,Male,Undergraduate,Online Classes,Both Equally,Offline,Offline,4,4,Home distractions,Classroom distractions,Both Equally,Maybe,Fully Online,no
2026-09-30 13:27:02.103,rajeshreeparkhe72@gmail.com,Student,Below 18,Male,School,Online Classes,Both Equally,Offline,Both Equally,4,4,Internet issues,Travelling,Online,No,Fully Online,no
2026-09-30 13:37:39.634,goku2135v@gmail.com,Student,Below 18,Male,School,Both are equally effective,Offline,Offline,Offline,3,4,Internet issues,Time management,Online,No,Fully Offline,no
2026-09-30 13:52:10.330,spal16447@gmail.com,Student,18–25,Male,Undergraduate,Offline Classes,Offline,Offline,Both Equally,2,4,Lack of concentration,Fixed schedule,Offline,Maybe,Hybrid (Online + Offline),no
2026-09-30 13:53:06.743,mouryaramkhlavan123@gmail.com,Student,Below 18,Female,School,Both are equally effective,Online,Online,Online,2,1,Home distractions,Travelling,Online,Yes,Fully Online,no
2026-09-30 13:54:05.449,prathamjadhav1907@gmail.com,Student,Below 18,Male,School,Online Classes,Both Equally,Offline,Online,4,1,Internet issues,Time management,Both Equally,No,Fully Offline,no
2026-09-30 13:55:08.367,muneshwarsarthak4@gmail.com,Student,18–25,Male,Undergraduate,Offline Classes,Offline,Both Equally,Offline,5,4,Internet issues,Fixed schedule,Offline,Maybe,Fully Offline,no
2026-09-30 13:56:09.511,prathambhandari662@gmail.com,Student,18–25,Male,Undergraduate,Both are equally effective,Offline,Offline,Both Equally,2,4,Home distractions,Travelling,Online,Yes,Fully Online,no
2026-09-30 14:00:25.766,saylichaudhari.2006@gmail.com,Student,18–25,Female,Undergraduate,Online Classes,Offline,Offline,Online,5,4,Internet issues,Fixed schedule,Online,Maybe,Fully Online,no
2026-09-30 14:01:25.141,ahersakshi0123@gmail.com,Student,18–25,Female,Undergraduate,Both are equally effective,Offline,Online,Online,5,5,Lack of concentration,Travelling,Online,Yes,Fully Online,no
2026-09-30 14:02:28.901,shingadevishu3@gmail.com,Student,18–25,Male,Undergraduate,Online Classes,Offline,Both Equally,Offline,1,5,Home distractions,Classroom distractions,Online,No,Fully Offline,no
2026-09-30 14:06:11.282,barkadesahil704@gmail.com,Student,18–25,Male,Undergraduate,Online Classes,Offline,Online,Both Equally,4,4,Internet issues,Time management,Online,Maybe,Hybrid (Online + Offline),no
2026-09-30 14:20:29.553,metkarirushikesh2@gmail.com,Student,18–25,Male,Undergraduate,Offline Classes,Offline,Both Equally,Offline,4,4,Lack of concentration,Travelling,Online,No,Hybrid (Online + Offline),no
2026-09-30 14:32:42.636,vivekvagare20@gmail.com,Student,18–25,Male,Undergraduate,Both are equally effective,Offline,Online,Offline,5,1,Lack of concentration,Fixed schedule,Online,Maybe,Fully Online,no
2026-09-30 14:33:50.305,pranaypimparkar6296@gmail.com,Student,18–25,Male,Undergraduate,Both are equally effective,Both Equally,Both Equally,Offline,5,4,Home distractions,Fixed schedule,Both Equally,Yes,Fully Offline,no
2026-09-30 14:38:13.941,shubhamkhatke77@gmail.com,Student,18–25,Male,Undergraduate,Online Classes,Offline,Online,Offline,4,1,Lack of concentration,Classroom distractions,Both Equally,No,Fully Offline,no
2026-09-30 14:51:45.187,Santoshfale2007@gmail.com,Student,18–25,Male,Undergraduate,Both are equally effective,Offline,Offline,Offline,5,5,Internet issues,Fixed schedule,Both Equally,Maybe,Fully Online,no
2026-09-30 14:52:43.949,kannojiyadhiraj833@gmail.com,Student,18–25,Male,Undergraduate,Both are equally effective,Online,Online,Offline,1,4,Internet issues,Time management,Both Equally,No,Fully Offline,no
2026-09-30 14:58:15.095,tusharbhilare1010@gmail.com,Student,18–25,Male,Undergraduate,Online Classes,Both Equally,Offline,Online,4,4,Home distractions,Time management,Offline,No,Hybrid (Online + Offline),no
2026-09-30 14:59:16.107,omkarsable6973@gmail.com,Student,18–25,Male,Undergraduate,Both are equally effective,Offline,Online,Both Equally,3,1,Home distractions,Classroom distractions,Offline,Yes,Hybrid (Online + Offline),no
2026-09-30 15:00:17.695,rahulghanwat3659@gmail.com,Student,18–25,Male,Undergraduate,Offline Classes,Online,Both Equally,Both Equally,4,5,Home distractions,Travelling,Both Equally,Maybe,Fully Online,no
2026-09-30 15:01:19.139,akashbanglabangar@gmail.com,Student,18–25,Male,Undergraduate,Online Classes,Offline,Online,Both Equally,4,5,Internet issues,Fixed schedule,Offline,No,Hybrid (Online + Offline),no
2026-09-30 15:10:11.432,Shekharwalzade@gmail.com,Student,18–25,Male,Undergraduate,Online Classes,Online,Online,Offline,3,3,Lack of concentration,Classroom distractions,Online,No,Fully Online,no
2026-09-30 15:23:43.970,nalavadeanup61@gmail.com,Student,18–25,Male,Undergraduate,Both are equally effective,Offline,Online,Online,4,4,Lack of concentration,Time management,Offline,No,Fully Online,no
2026-09-30 15:33:58.863,metkarivishal357@gmail.com,Student,18–25,Male,Undergraduate,Offline Classes,Offline,Offline,Both Equally,5,4,Lack of concentration,Travelling,Online,Yes,Fully Offline,no
2026-09-30 15:35:02.914,kokarerohan039@gmail.com,Student,18–25,Male,Undergraduate,Online Classes,Offline,Both Equally,Both Equally,4,1,Home distractions,Classroom distractions,Offline,No,Hybrid (Online + Offline),no
2026-09-30 15:36:03.964,yashjagdale915@gmail.com,Student,18–25,Male,Undergraduate,Both are equally effective,Both Equally,Online,Offline,5,4,Internet issues,Time management,Both Equally,Yes,Hybrid (Online + Offline),no
2026-09-30 15:37:09.700,pujarisumit789@gmail.com,Student,18–25,Male,Undergraduate,Both are equally effective,Offline,Offline,Online,5,4,Technical problems,Classroom distractions,Both Equally,No,Fully Offline,no
2026-09-30 15:38:08.379,krushnamote635@gmail.com,Student,18–25,Male,Undergraduate,Offline Classes,Offline,Both Equally,Offline,2,2,Internet issues,Time management,Both Equally,Yes,Fully Online,no
2026-09-30 15:48:40.080,salveroshsn808@gmail.com,Student,18–25,Male,Undergraduate,Offline Classes,Both Equally,Offline,Online,1,4,Internet issues,Travelling,Online,No,Fully Offline,no
2026-09-30 15:49:41.092,rudrakanade788@gmail.com,Student,Below 18,Male,School,Online Classes,Offline,Online,Both Equally,5,4,Internet issues,Time management,Both Equally,Maybe,Fully Offline,no
2026-09-30 15:50:39.224,neelamatave981@gmail.com,Student,Below 18,Male,School,Offline Classes,Both Equally,Offline,Offline,4,2,Internet issues,Time management,Online,Yes,Fully Online,no
2026-09-30 15:51:38.443,amoghwakade060@gmail.com,Student,Below 18,Male,School,Online Classes,Offline,Offline,Both Equally,4,4,Lack of concentration,Time management,Offline,Yes,Fully Online,no
2026-09-30 15:54:11.517,vpawar.1772@gmail.com,Student,Below 18,Male,School,Offline Classes,Both Equally,Both Equally,Online,1,4,Internet issues,Classroom distractions,Offline,No,Fully Online,no
2026-09-30 15:55:15.804,yelemayuri9867@gmail.com,Student,18–25,Female,Undergraduate,Offline Classes,Offline,Both Equally,Both Equally,2,2,Technical problems,Time management,Offline,Maybe,Fully Online,no
2026-09-30 15:56:15.505,vinayakpatil21115@gmail.com,Student,18–25,Male,Undergraduate,Both are equally effective,Offline,Offline,Offline,4,4,Lack of concentration,Travelling,Offline,Maybe,Fully Online,no
2026-09-30 15:57:15.811,sushiljadhav89269@gmail.com,Student,18–25,Male,Undergraduate,Both are equally effective,Both Equally,Online,Online,1,5,Lack of concentration,Classroom distractions,Online,Yes,Fully Online,no
2026-09-30 16:03:15.251,aakashdhekale82@gmail.com,Student,18–25,Male,Undergraduate,Offline Classes,Offline,Both Equally,Both Equally,5,4,Internet issues,Time management,Online,Maybe,Hybrid (Online + Offline),no
2026-09-30 16:04:12.642,SAMARTHLONDHE92@GMAIL.COM,Student,18–25,Male,Undergraduate,Offline Classes,Offline,Offline,Online,1,4,Internet issues,Fixed schedule,Offline,No,Fully Offline,no
2026-09-30 16:05:13.197,mitalimhatre2007@gmail.com,Student,18–25,Female,Undergraduate,Both are equally effective,Offline,Both Equally,Online,3,4,Internet issues,Classroom distractions,Offline,Yes,Fully Offline,no
2026-09-30 16:06:12.482,jenashraddha2@gmail.com,Student,Below 18,Female,School,Both are equally effective,Offline,Online,Offline,2,3,Lack of concentration,Travelling,Offline,No,Hybrid (Online + Offline),no
2026-09-30 16:07:13.078,ramjankar50@gmail.com,Student,18–25,Male,Undergraduate,Offline Classes,Offline,Online,Offline,5,3,Technical problems,Fixed schedule,Both Equally,Yes,Hybrid (Online + Offline),no
2026-09-30 16:18:14.680,prathamesh.dhanawade07@gmail.com,Student,18–25,Male,Undergraduate,Both are equally effective,Offline,Online,Online,3,4,Internet issues,Classroom distractions,Both Equally,No,Hybrid (Online + Offline),no
2026-09-30 16:31:15.491,pawangaikwad56737@gmail.com,Student,18–25,Male,Undergraduate,Online Classes,Offline,Online,Offline,1,4,Technical problems,Travelling,Both Equally,Yes,Hybrid (Online + Offline),no
2026-09-30 16:36:43.015,vikaskachare2003@gmail.com,Student,18–25,Male,Undergraduate,Offline Classes,Online,Online,Both Equally,4,1,Internet issues,Classroom distractions,Both Equally,Yes,Fully Online,no
2026-09-30 16:44:46.610,jotibatone777@gmail.com,Student,18–25,Male,Undergraduate,Online Classes,Offline,Offline,Offline,5,5,Lack of concentration,Travelling,Online,No,Hybrid (Online + Offline),no
2026-09-30 16:45:51.092,vaibhavpukale994@gmail.com,Student,18–25,Male,Undergraduate,Both are equally effective,Both Equally,Online,Offline,5,4,Lack of concentration,Time management,Online,Yes,Fully Offline,no
2026-09-30 16:46:50.211,ghumbareakshay@gmail.com,Student,18–25,Male,Undergraduate,Offline Classes,Offline,Online,Offline,1,5,Lack of concentration,Time management,Offline,Yes,Fully Online,no
2026-09-30 16:47:52.094,kamblemahesh20008@gmail.com,Student,18–25,Male,Undergraduate,Online Classes,Offline,Offline,Offline,2,4,Technical problems,Fixed schedule,Offline,No,Fully Offline,no
2026-09-30 16:48:54.707,shubhammandale023@gmail.com,Student,18–25,Male,Undergraduate,Online Classes,Offline,Online,Online,5,1,Internet issues,Classroom distractions,Offline,Yes,Fully Offline,no
2026-09-30 16:51:12.553,bharsatatharva@gmail.com,Student,Below 18,Male,School,Both are equally effective,Offline,Online,Both Equally,5,4,Lack of concentration,Time management,Both Equally,Yes,Fully Offline,no
2026-09-30 16:52:13.868,dnyaneshwarholkar45@gmail.com,Student,18–25,Male,Undergraduate,Online Classes,Both Equally,Both Equally,Offline,4,4,Lack of concentration,Travelling,Offline,Maybe,Hybrid (Online + Offline),no
2026-09-30 16:53:18.622,priya.deshmukh22@gmail.com,Student,18–25,Female,Undergraduate,Both are equally effective,Online,Both Equally,Online,5,4,Lack of concentration,Fixed schedule,Offline,Maybe,Fully Offline,no
2026-09-30 16:54:17.724,akash.pawar09@gmail.com,Student,18–25,Male,Undergraduate,Online Classes,Both Equally,Offline,Online,5,2,Internet issues,Classroom distractions,Both Equally,Yes,Hybrid (Online + Offline),no
2026-09-30 16:58:32.592,sneha.kulkarni77@gmail.com,Student,18–25,Female,Undergraduate,Both are equally effective,Offline,Online,Offline,4,4,Internet issues,Fixed schedule,Both Equally,Maybe,Hybrid (Online + Offline),no
2026-09-30 16:59:35.600,vishal.more88@gmail.com,Student,18–25,Male,Undergraduate,Offline Classes,Both Equally,Both Equally,Offline,5,5,Internet issues,Classroom distractions,Offline,Maybe,Fully Offline,no
2026-09-30 17:07:58.172,neha.gaikwad55@gmail.com,Student,18–25,Female,Undergraduate,Online Classes,Offline,Online,Offline,1,2,Lack of concentration,Time management,Online,Maybe,Fully Offline,no
2026-09-30 17:23:03.680,suraj.patil21@gmail.com,Student,18–25,Male,Undergraduate,Online Classes,Both Equally,Offline,Both Equally,4,1,Home distractions,Travelling,Both Equally,No,Hybrid (Online + Offline),no
